index,scene,state,psnr_input,psnr_enhanced,file
0,scene_0451,mild,13.30656551802486,20.61672076844104,00000_scene_0451_mild.png
1,scene_0451,medium,11.92305652668064,19.68567995259118,00001_scene_0451_medium.png
2,scene_0451,strong,10.99001376656182,19.45303492421712,00002_scene_0451_strong.png
3,scene_0452,mild,25.123229119124318,20.91175798495744,00003_scene_0452_mild.png
4,scene_0452,medium,20.69963118775022,19.963513185185498,00004_scene_0452_medium.png
5,scene_0452,strong,17.712670891787738,18.805459991893304,00005_scene_0452_strong.png
6,scene_0453,mild,13.585802875013439,22.54062454226798,00006_scene_0453_mild.png
7,scene_0453,medium,12.159679752060015,20.95236122991549,00007_scene_0453_medium.png
8,scene_0453,strong,11.355552987106158,20.037226002024795,00008_scene_0453_strong.png
9,scene_0454,mild,14.30578539618401,20.85718983220847,00009_scene_0454_mild.png
